{
  "model": "mobilenet_v3_small",
  "version_tag": "cleaned_v1",
  "run_id": "7e53d515839c4e2b9aa22fe0c56278c8",
  "trained_at": "2026-05-29T18:18:39.836618",
  "scoring_version": "v2",
  "quality": {
    "accuracy": 0.7812,
    "f1_weighted": 0.7808,
    "f1_macro": 0.7796,
    "mcc": 0.7284,
    "cohen_kappa": 0.7265,
    "top_2_accuracy": 0.9167,
    "per_class_report": {
      "bathroom": {
        "precision": 0.6956521739130435,
        "recall": 0.8888888888888888,
        "f1-score": 0.7804878048780488,
        "support": 18.0
      },
      "bedroom": {
        "precision": 0.7619047619047619,
        "recall": 0.8,
        "f1-score": 0.7804878048780488,
        "support": 20.0
      },
      "diningroom": {
        "precision": 0.8125,
        "recall": 0.7222222222222222,
        "f1-score": 0.7647058823529411,
        "support": 18.0
      },
      "kitchen": {
        "precision": 0.85,
        "recall": 0.8095238095238095,
        "f1-score": 0.8292682926829268,
        "support": 21.0
      },
      "livingroom": {
        "precision": 0.8125,
        "recall": 0.6842105263157895,
        "f1-score": 0.7428571428571429,
        "support": 19.0
      },
      "accuracy": 0.78125,
      "macro avg": {
        "precision": 0.7865113871635611,
        "recall": 0.780969089390142,
        "f1-score": 0.7795613855298217,
        "support": 96.0
      },
      "weighted avg": {
        "precision": 0.788253483005521,
        "recall": 0.78125,
        "f1-score": 0.7807516909202704,
        "support": 96.0
      }
    },
    "confusion_matrix": [
      [
        16,
        1,
        0,
        1,
        0
      ],
      [
        2,
        16,
        0,
        1,
        1
      ],
      [
        2,
        0,
        13,
        1,
        2
      ],
      [
        3,
        0,
        1,
        17,
        0
      ],
      [
        0,
        4,
        2,
        0,
        13
      ]
    ]
  },
  "performance": {
    "latency_mean_ms": 7.434,
    "latency_p50_ms": 7.362,
    "latency_p95_ms": 7.843,
    "latency_p99_ms": 7.952,
    "throughput_img_per_sec": 134.5,
    "batch_throughput_img_per_sec": 134.3,
    "total_inference_sec": 0.7146
  },
  "cost": {
    "cost_per_1k_images_dkk": 0.7435,
    "cost_for_test_set_dkk": 0.07138,
    "cost_scale_10k_dkk": 7.4349,
    "cost_scale_100k_dkk": 74.3494,
    "cost_scale_1M_dkk": 743.4944,
    "relative_compute_multiplier": 0.7435,
    "baseline_cost_per_1k_dkk": 1.0,
    "baseline_throughput_img_per_sec": 100
  },
  "maintainability": {
    "maintainability_score": 5.0,
    "param_count_M": 1.523,
    "trainable_params_M": 1.523,
    "trainable_params": 1522981,
    "dependency_count": 1,
    "maint_param_score_1_5": 5,
    "maint_trainable_score_1_5": 5,
    "maint_dependency_score_1_5": 5
  },
  "training_history": [
    {
      "epoch": 1,
      "train_loss": 1.29699,
      "train_acc": 0.4663,
      "val_loss": 1.25704,
      "val_acc": 0.5417,
      "val_f1_weighted": 0.5145
    },
    {
      "epoch": 2,
      "train_loss": 0.8177,
      "train_acc": 0.7531,
      "val_loss": 1.26065,
      "val_acc": 0.5833,
      "val_f1_weighted": 0.5605
    },
    {
      "epoch": 3,
      "train_loss": 0.58297,
      "train_acc": 0.8529,
      "val_loss": 1.07087,
      "val_acc": 0.6458,
      "val_f1_weighted": 0.6341
    },
    {
      "epoch": 4,
      "train_loss": 0.43616,
      "train_acc": 0.9302,
      "val_loss": 0.97481,
      "val_acc": 0.6979,
      "val_f1_weighted": 0.6986
    },
    {
      "epoch": 5,
      "train_loss": 0.35836,
      "train_acc": 0.9701,
      "val_loss": 0.97536,
      "val_acc": 0.6458,
      "val_f1_weighted": 0.6496
    },
    {
      "epoch": 6,
      "train_loss": 0.35031,
      "train_acc": 0.9626,
      "val_loss": 0.88636,
      "val_acc": 0.6979,
      "val_f1_weighted": 0.6939
    },
    {
      "epoch": 7,
      "train_loss": 0.31366,
      "train_acc": 0.985,
      "val_loss": 0.87251,
      "val_acc": 0.75,
      "val_f1_weighted": 0.745
    },
    {
      "epoch": 8,
      "train_loss": 0.30509,
      "train_acc": 0.985,
      "val_loss": 0.87742,
      "val_acc": 0.7292,
      "val_f1_weighted": 0.7199
    },
    {
      "epoch": 9,
      "train_loss": 0.2966,
      "train_acc": 0.9875,
      "val_loss": 0.8013,
      "val_acc": 0.7604,
      "val_f1_weighted": 0.7574
    },
    {
      "epoch": 10,
      "train_loss": 0.27928,
      "train_acc": 0.9875,
      "val_loss": 0.79475,
      "val_acc": 0.7396,
      "val_f1_weighted": 0.7339
    },
    {
      "epoch": 11,
      "train_loss": 0.27069,
      "train_acc": 0.995,
      "val_loss": 0.75882,
      "val_acc": 0.7604,
      "val_f1_weighted": 0.7598
    },
    {
      "epoch": 12,
      "train_loss": 0.27485,
      "train_acc": 0.995,
      "val_loss": 0.75785,
      "val_acc": 0.7812,
      "val_f1_weighted": 0.7788
    },
    {
      "epoch": 13,
      "train_loss": 0.27624,
      "train_acc": 0.9875,
      "val_loss": 0.76034,
      "val_acc": 0.7708,
      "val_f1_weighted": 0.7684
    },
    {
      "epoch": 14,
      "train_loss": 0.2669,
      "train_acc": 0.995,
      "val_loss": 0.75481,
      "val_acc": 0.7812,
      "val_f1_weighted": 0.7808
    },
    {
      "epoch": 15,
      "train_loss": 0.27106,
      "train_acc": 0.9925,
      "val_loss": 0.74925,
      "val_acc": 0.7812,
      "val_f1_weighted": 0.7808
    }
  ],
  "assumptions": {
    "cost_baseline_reference": "0.5_dkk_per_500_images_local_laptop",
    "cost_formula": "cost_per_1k_images_dkk = baseline_cost_per_1k_dkk * (baseline_throughput / throughput_img_per_sec)",
    "maintainability_formula": "0.4*param_score + 0.4*trainable_score + 0.2*dependency_score"
  }
}